{
  "exportedBy": null,
  "bundleHash": null,
  "version": "1.0.0.0",
  "jitAssemblyCompilerCommands": [
    {
      "providerName": "CustomEntities",
      "bundleOptions": {
        "hash": "0269495907",
        "bundleName": "fd0269495907",
        "entitiesBundle": {
          "Types": {
            "FormData": {
              "name": "FormData",
              "properties": [
                {
                  "name": "SearchAmazonIn",
                  "type": {
                    "ClrType": "System.String, System.Private.CoreLib"
                  }
                },
                {
                  "name": "SortBy",
                  "type": {
                    "ClrType": "System.String, System.Private.CoreLib"
                  }
                },
                {
                  "name": "Apple",
                  "type": {
                    "ClrType": "System.String, System.Private.CoreLib"
                  }
                },
                {
                  "name": "Samsung",
                  "type": {
                    "ClrType": "System.String, System.Private.CoreLib"
                  }
                },
                {
                  "name": "Oneplus",
                  "type": {
                    "ClrType": "System.String, System.Private.CoreLib"
                  }
                },
                {
                  "name": "Oppo",
                  "type": {
                    "ClrType": "System.String, System.Private.CoreLib"
                  }
                },
                {
                  "name": "Realme",
                  "type": {
                    "ClrType": "System.String, System.Private.CoreLib"
                  }
                },
                {
                  "name": "Vivo",
                  "type": {
                    "ClrType": "System.String, System.Private.CoreLib"
                  }
                },
                {
                  "name": "Nokia",
                  "type": {
                    "ClrType": "System.String, System.Private.CoreLib"
                  }
                },
                {
                  "name": "_7900",
                  "type": {
                    "ClrType": "System.String, System.Private.CoreLib"
                  }
                },
                {
                  "name": "UpTo39In",
                  "type": {
                    "ClrType": "System.String, System.Private.CoreLib"
                  }
                },
                {
                  "name": "_55InAbove",
                  "type": {
                    "ClrType": "System.String, System.Private.CoreLib"
                  }
                },
                {
                  "name": "Android100",
                  "type": {
                    "ClrType": "System.String, System.Private.CoreLib"
                  }
                },
                {
                  "name": "Android120",
                  "type": {
                    "ClrType": "System.String, System.Private.CoreLib"
                  }
                },
                {
                  "name": "Android130",
                  "type": {
                    "ClrType": "System.String, System.Private.CoreLib"
                  }
                },
                {
                  "name": "Ios10",
                  "type": {
                    "ClrType": "System.String, System.Private.CoreLib"
                  }
                },
                {
                  "name": "Ios8",
                  "type": {
                    "ClrType": "System.String, System.Private.CoreLib"
                  }
                },
                {
                  "name": "Ios9",
                  "type": {
                    "ClrType": "System.String, System.Private.CoreLib"
                  }
                },
                {
                  "name": "Oxygenos",
                  "type": {
                    "ClrType": "System.String, System.Private.CoreLib"
                  }
                },
                {
                  "name": "TopBrands",
                  "type": {
                    "ClrType": "System.String, System.Private.CoreLib"
                  }
                },
                {
                  "name": "_4g",
                  "type": {
                    "ClrType": "System.String, System.Private.CoreLib"
                  }
                },
                {
                  "name": "_5g",
                  "type": {
                    "ClrType": "System.String, System.Private.CoreLib"
                  }
                },
                {
                  "name": "UpTo19Gb",
                  "type": {
                    "ClrType": "System.String, System.Private.CoreLib"
                  }
                },
                {
                  "name": "_2To39Gb",
                  "type": {
                    "ClrType": "System.String, System.Private.CoreLib"
                  }
                },
                {
                  "name": "_4To59Gb",
                  "type": {
                    "ClrType": "System.String, System.Private.CoreLib"
                  }
                },
                {
                  "name": "_6To79Gb",
                  "type": {
                    "ClrType": "System.String, System.Private.CoreLib"
                  }
                },
                {
                  "name": "_8To99Gb",
                  "type": {
                    "ClrType": "System.String, System.Private.CoreLib"
                  }
                },
                {
                  "name": "_10GbAbove",
                  "type": {
                    "ClrType": "System.String, System.Private.CoreLib"
                  }
                },
                {
                  "name": "LessThan099Ghz",
                  "type": {
                    "ClrType": "System.String, System.Private.CoreLib"
                  }
                },
                {
                  "name": "_1149Ghz",
                  "type": {
                    "ClrType": "System.String, System.Private.CoreLib"
                  }
                },
                {
                  "name": "_224Ghz",
                  "type": {
                    "ClrType": "System.String, System.Private.CoreLib"
                  }
                },
                {
                  "name": "_25GhzAbove",
                  "type": {
                    "ClrType": "System.String, System.Private.CoreLib"
                  }
                },
                {
                  "name": "DualSim",
                  "type": {
                    "ClrType": "System.String, System.Private.CoreLib"
                  }
                },
                {
                  "name": "_142To1979G",
                  "type": {
                    "ClrType": "System.String, System.Private.CoreLib"
                  }
                },
                {
                  "name": "_198To2549G",
                  "type": {
                    "ClrType": "System.String, System.Private.CoreLib"
                  }
                },
                {
                  "name": "_255GAbove",
                  "type": {
                    "ClrType": "System.String, System.Private.CoreLib"
                  }
                },
                {
                  "name": "UpTo39Mp",
                  "type": {
                    "ClrType": "System.String, System.Private.CoreLib"
                  }
                },
                {
                  "name": "_12159Mp",
                  "type": {
                    "ClrType": "System.String, System.Private.CoreLib"
                  }
                },
                {
                  "name": "_20239Mp",
                  "type": {
                    "ClrType": "System.String, System.Private.CoreLib"
                  }
                },
                {
                  "name": "_32MpAbove",
                  "type": {
                    "ClrType": "System.String, System.Private.CoreLib"
                  }
                },
                {
                  "name": "Lcd",
                  "type": {
                    "ClrType": "System.String, System.Private.CoreLib"
                  }
                },
                {
                  "name": "Oled",
                  "type": {
                    "ClrType": "System.String, System.Private.CoreLib"
                  }
                },
                {
                  "name": "DualSim1",
                  "type": {
                    "ClrType": "System.String, System.Private.CoreLib"
                  }
                },
                {
                  "name": "Gps",
                  "type": {
                    "ClrType": "System.String, System.Private.CoreLib"
                  }
                },
                {
                  "name": "MusicPlayer",
                  "type": {
                    "ClrType": "System.String, System.Private.CoreLib"
                  }
                },
                {
                  "name": "PrimaryCamera",
                  "type": {
                    "ClrType": "System.String, System.Private.CoreLib"
                  }
                },
                {
                  "name": "Touchscreen",
                  "type": {
                    "ClrType": "System.String, System.Private.CoreLib"
                  }
                },
                {
                  "name": "Usb",
                  "type": {
                    "ClrType": "System.String, System.Private.CoreLib"
                  }
                },
                {
                  "name": "_35Mm",
                  "type": {
                    "ClrType": "System.String, System.Private.CoreLib"
                  }
                },
                {
                  "name": "_8Gb",
                  "type": {
                    "ClrType": "System.String, System.Private.CoreLib"
                  }
                },
                {
                  "name": "_16Gb",
                  "type": {
                    "ClrType": "System.String, System.Private.CoreLib"
                  }
                },
                {
                  "name": "_64Gb",
                  "type": {
                    "ClrType": "System.String, System.Private.CoreLib"
                  }
                },
                {
                  "name": "_128Gb",
                  "type": {
                    "ClrType": "System.String, System.Private.CoreLib"
                  }
                },
                {
                  "name": "_256Gb",
                  "type": {
                    "ClrType": "System.String, System.Private.CoreLib"
                  }
                },
                {
                  "name": "_512GbAbove",
                  "type": {
                    "ClrType": "System.String, System.Private.CoreLib"
                  }
                },
                {
                  "name": "UpTo2999Mah",
                  "type": {
                    "ClrType": "System.String, System.Private.CoreLib"
                  }
                },
                {
                  "name": "_4000To4999Mah",
                  "type": {
                    "ClrType": "System.String, System.Private.CoreLib"
                  }
                },
                {
                  "name": "_5000To5999Mah",
                  "type": {
                    "ClrType": "System.String, System.Private.CoreLib"
                  }
                },
                {
                  "name": "_6000MahAbove",
                  "type": {
                    "ClrType": "System.String, System.Private.CoreLib"
                  }
                },
                {
                  "name": "_19HAbove",
                  "type": {
                    "ClrType": "System.String, System.Private.CoreLib"
                  }
                },
                {
                  "name": "PhoneCase",
                  "type": {
                    "ClrType": "System.String, System.Private.CoreLib"
                  }
                },
                {
                  "name": "PowerAdapter",
                  "type": {
                    "ClrType": "System.String, System.Private.CoreLib"
                  }
                },
                {
                  "name": "SimTrayEjector",
                  "type": {
                    "ClrType": "System.String, System.Private.CoreLib"
                  }
                },
                {
                  "name": "UsbCable",
                  "type": {
                    "ClrType": "System.String, System.Private.CoreLib"
                  }
                },
                {
                  "name": "ScreenProtector",
                  "type": {
                    "ClrType": "System.String, System.Private.CoreLib"
                  }
                },
                {
                  "name": "LithiumIon",
                  "type": {
                    "ClrType": "System.String, System.Private.CoreLib"
                  }
                },
                {
                  "name": "Automatic",
                  "type": {
                    "ClrType": "System.String, System.Private.CoreLib"
                  }
                },
                {
                  "name": "HighDynamicRange",
                  "type": {
                    "ClrType": "System.String, System.Private.CoreLib"
                  }
                },
                {
                  "name": "Macro",
                  "type": {
                    "ClrType": "System.String, System.Private.CoreLib"
                  }
                },
                {
                  "name": "NightMode",
                  "type": {
                    "ClrType": "System.String, System.Private.CoreLib"
                  }
                },
                {
                  "name": "Portrait",
                  "type": {
                    "ClrType": "System.String, System.Private.CoreLib"
                  }
                },
                {
                  "name": "Scene",
                  "type": {
                    "ClrType": "System.String, System.Private.CoreLib"
                  }
                },
                {
                  "name": "_105To120Hz",
                  "type": {
                    "ClrType": "System.String, System.Private.CoreLib"
                  }
                },
                {
                  "name": "UsbTypeC",
                  "type": {
                    "ClrType": "System.String, System.Private.CoreLib"
                  }
                },
                {
                  "name": "Nano",
                  "type": {
                    "ClrType": "System.String, System.Private.CoreLib"
                  }
                },
                {
                  "name": "UpTo69Mp",
                  "type": {
                    "ClrType": "System.String, System.Private.CoreLib"
                  }
                },
                {
                  "name": "_70To99Mp",
                  "type": {
                    "ClrType": "System.String, System.Private.CoreLib"
                  }
                },
                {
                  "name": "_130MpAbove",
                  "type": {
                    "ClrType": "System.String, System.Private.CoreLib"
                  }
                },
                {
                  "name": "_4k",
                  "type": {
                    "ClrType": "System.String, System.Private.CoreLib"
                  }
                },
                {
                  "name": "UpTo99Mp",
                  "type": {
                    "ClrType": "System.String, System.Private.CoreLib"
                  }
                },
                {
                  "name": "_10To129Mp",
                  "type": {
                    "ClrType": "System.String, System.Private.CoreLib"
                  }
                },
                {
                  "name": "_13To159Mp",
                  "type": {
                    "ClrType": "System.String, System.Private.CoreLib"
                  }
                },
                {
                  "name": "_16MpAbove",
                  "type": {
                    "ClrType": "System.String, System.Private.CoreLib"
                  }
                },
                {
                  "name": "Gsm",
                  "type": {
                    "ClrType": "System.String, System.Private.CoreLib"
                  }
                },
                {
                  "name": "Lte",
                  "type": {
                    "ClrType": "System.String, System.Private.CoreLib"
                  }
                },
                {
                  "name": "WiFi",
                  "type": {
                    "ClrType": "System.String, System.Private.CoreLib"
                  }
                },
                {
                  "name": "FaceRecognition",
                  "type": {
                    "ClrType": "System.String, System.Private.CoreLib"
                  }
                },
                {
                  "name": "FingerprintRecognition",
                  "type": {
                    "ClrType": "System.String, System.Private.CoreLib"
                  }
                },
                {
                  "name": "Touchscreen1",
                  "type": {
                    "ClrType": "System.String, System.Private.CoreLib"
                  }
                },
                {
                  "name": "Bluetooth",
                  "type": {
                    "ClrType": "System.String, System.Private.CoreLib"
                  }
                },
                {
                  "name": "Nfc",
                  "type": {
                    "ClrType": "System.String, System.Private.CoreLib"
                  }
                },
                {
                  "name": "Usb1",
                  "type": {
                    "ClrType": "System.String, System.Private.CoreLib"
                  }
                },
                {
                  "name": "WiFi1",
                  "type": {
                    "ClrType": "System.String, System.Private.CoreLib"
                  }
                },
                {
                  "name": "Beidou",
                  "type": {
                    "ClrType": "System.String, System.Private.CoreLib"
                  }
                },
                {
                  "name": "Galileo",
                  "type": {
                    "ClrType": "System.String, System.Private.CoreLib"
                  }
                },
                {
                  "name": "Glonass",
                  "type": {
                    "ClrType": "System.String, System.Private.CoreLib"
                  }
                },
                {
                  "name": "Gps1",
                  "type": {
                    "ClrType": "System.String, System.Private.CoreLib"
                  }
                },
                {
                  "name": "_1600X720",
                  "type": {
                    "ClrType": "System.String, System.Private.CoreLib"
                  }
                },
                {
                  "name": "EligibleForPayOnDelivery",
                  "type": {
                    "ClrType": "System.String, System.Private.CoreLib"
                  }
                },
                {
                  "name": "AbhiMobiles",
                  "type": {
                    "ClrType": "System.String, System.Private.CoreLib"
                  }
                },
                {
                  "name": "IncludeOutOfStock",
                  "type": {
                    "ClrType": "System.String, System.Private.CoreLib"
                  }
                }
              ],
              "baseType": null
            }
          },
          "version": 1
        }
      },
      "entityAssemblyKey": {
        "name": "UiPath.UIAutomationNext.Activities.Design.SWEntities.fd0269495907",
        "hash": "MDI2OTQ5NTkwNw",
        "assemblyName": "fd0269495907.0vST2qFQFG1TKspt1FOCy3"
      }
    }
  ]
}